seq_id,protein_sequence,pH,data_source,tm
69,,,,
70,,,,
71,,,,
72,,,,
73,,,,
74,,,,
75,,,,
76,,,,
77,,,,
78,,,,
79,,,,
80,,,,
81,,,,
82,,,,
863,,,,
864,,,,
865,,,,
866,,,,
867,,,,
868,,,,
869,,,,
870,,,,
871,,,,
872,,,,
873,,,,
973,DTSGTVCLSALPPEATDTLNLIASDGPFPYSQDGVVFQNRESVLPTQSYGYYHEYTVITPGARTRGTRRIITGEATQEDYYTGDHYATFSLIDQTC,7.0,,48.4
981,,,,
984,,,,
986,DVSGTVCLSALPPEATDTLNLIASDGPFPYSQDGVTFQNRESVLPTQSYGYYHEYTVITPGARTRGTRRIITGEATQEDYYTGDHYATFSLIDQTC,7.0,,48.4
988,DVSGTVCLSALPPEATDTLNLIASDGPFPYSQDGVVFANRESVLPTQSYGYYHEYTVITPGARTRGTRRIITGEATQEDYYTGDHYATFSLIDQTC,7.0,,49.0
989,DVSGTVCLSALPPEATDTLNLIASDGPFPYSQDGVVFANRESVLPTQSYGYYHEYTVITPGARTRGTRRIITGEATQEDYYTGDHYATFSLIDQTC,5.5,,55.6
1001,,,,
1002,,,,
1003,DVSGTVCLSALPPEATDTLNLIASDGPFPYSQDGVVFQNRESTLPTQSYGYYHEYTVITPGARTRGTRRIITGEATQEDYYTGDHYATFSLIDQTC,7.0,,48.4
1006,,,,
1007,,,,
1008,,,,
1009,,,,
1012,DVSGTVCLSALPPEATDTLNLIASDGPFPYSQDGVVFQNRESVLPTQSYGYYHEYTTITPGARTRGTRRIITGEATQEDYYTGDHYATFSLIDQTC,7.0,,48.4
1014,DVSGTVCLSALPPEATDTLNLIASDGPFPYSQDGVVFQNRESVLPTQSYGYYHEYTVITPGARTAGTRRIITGEATQEDYYTGDHYATFSLIDQTC,5.5,,55.6
1018,DVSGTVCLSALPPEATDTLNLIASDGPFPYSQDGVVFQNRESVLPTQSYGYYHEYTVITPGARTAGTRRIITGEATQEDYYTGDHYATFSLIDQTC,7.0,,49.0
1020,,,,
1026,,,,
1027,,,,
1028,,,,
1034,,,,
1037,DVSGTVCLSALPPEATDTLNLIASDGPFPYSQDGVVFQNRESVLPTQSYGYYHEYTVITPGARTRGTRRIITGEATQEDYYTGDQYATFSLIDQTC,7.0,,49.0
1042,DVSGTVCLSALPPEATDTLNLIASDGPFPYSQDGVVFQNRESVLPTQSYGYYHEYTVITPGARTRGTRRIITGEATQEDYYVGDHYATFSLIDQTC,7.0,,48.4
1044,,,,
1047,,,,
1057,,,,
1059,,,,
1063,,,,
1066,,,,
1070,,,,
1075,,,,
1076,,,,
1079,DVSGTVCLSALPPEATDTLNLIASDGPFPYSQDGVVFQNRESVLPTQSYGYYHEYTVITPGARTRGTRRIITGKATQEDYYTGDHYATFSLIDQTC,5.5,,55.6
1081,DVSGTVCLSALPPEATDTLNLIASDGPFPYSQDGVVFQNRESVLPTQSYGYYHEYTVITPGARTRGTRRIITGKATQEDYYTGDHYATFSLIDQTC,7.0,,49.0
1088,DVSGTVCLSALPPEATDTLNLIASDGPFPYSQDGVVFQNRESVLPTQSYGYYHEYTVITPGARTRGTRRIIVGEATQEDYYTGDHYATFSLIDQTC,7.0,,48.4
1093,DVSGTVCLSALPPEATDTLNLIASDGPFPYSQDGVVFQNRESVLPTQSYGYYHEYTVITPGARTRGVRRIITGEATQEDYYTGDHYATFSLIDQTC,7.0,,48.4
1096,DVSGTVCLSALPPEATDTLNLIASDGPFPYSQDGVVFQNRESVLPTQSYGYYHEYTVIVPGARTRGTRRIITGEATQEDYYTGDHYATFSLIDQTC,7.0,,48.4
1098,DVSGTVCLSALPPEATDTLNLIASDGPFPYSQDGVVFQNRESVLPTQSYGYYHEYVVITPGARTRGTRRIITGEATQEDYYTGDHYATFSLIDQTC,7.0,,48.4
1100,DVSGTVCLSALPPEATDTLNLIASDGPFPYSQDGVVFQNRESVLPTQSYGYYHQYTVITPGARTRGTRRIITGEATQEDYYTGDHYATFSLIDQTC,5.5,,55.6
1108,DVSGTVCLSALPPEATDTLNLIASDGPFPYSQDGVVFQNRKSVLPTQSYGYYHEYTVITPGARTRGTRRIITGEATQEDYYTGDHYATFSLIDQTC,7.0,,49.0
1111,DVSGTVCLSALPPEATDTLNLIASDGPFPYSQDGVVFQNRKSVLPTQSYGYYHEYTVITPGARTRGTRRIITGEATQEDYYTGDHYATFSLIDQTC,5.5,,55.6
1120,DVSGTVCLSALPPEATDVLNLIASDGPFPYSQDGVVFQNRESVLPTQSYGYYHEYTVITPGARTRGTRRIITGEATQEDYYTGDHYATFSLIDQTC,7.0,,48.4
1121,,,,
1122,DVSGTVCLSALPPEAVDTLNLIASDGPFPYSQDGVVFQNRESVLPTQSYGYYHEYTVITPGARTRGTRRIITGEATQEDYYTGDHYATFSLIDQTC,7.0,,48.4
1125,DVSGVVCLSALPPEATDTLNLIASDGPFPYSQDGVVFQNRESVLPTQSYGYYHEYTVITPGARTRGTRRIITGEATQEDYYTGDHYATFSLIDQTC,7.0,,48.4
1347,,,,
3105,,,,
3106,,,,
3107,,,,
3108,,,,
3109,,,,
3110,,,,
3111,,,,
3112,,,,
3113,,,,
3114,,,,
3115,,,,
3116,,,,
3117,,,,
3118,,,,
3119,,,,
3120,,,,
3121,,,,
3122,,,,
3123,,,,
3124,,,,
3125,,,,
3126,,,,
3127,,,,
3128,,,,
3129,,,,
3130,,,,
3131,,,,
3132,,,,
3133,,,,
3134,,,,
3135,,,,
3136,,,,
3137,,,,
3138,,,,
3139,,,,
3140,,,,
3141,,,,
3142,,,,
3143,,,,
3144,,,,
3145,,,,
3146,,,,
3147,,,,
3148,,,,
3149,,,,
3150,,,,
3151,,,,
3152,,,,
3153,,,,
3154,,,,
3155,,,,
3156,,,,
3157,,,,
3158,,,,
3159,,,,
3160,,,,
3161,,,,
3162,,,,
3318,,,,
3321,,,,
3324,,,,
3325,,,,
3327,,,,
3332,,,,
3337,,,,
3338,,,,
3341,,,,
3763,,,,
3764,,,,
3765,,,,
3766,,,,
3767,,,,
3768,,,,
3984,,,,
3985,,,,
3986,,,,
4023,,,,
4024,,,,
4026,,,,
4051,,,,
4052,,,,
4058,,,,
4059,,,,
4061,,,,
4063,,,,
4069,,,,
4073,,,,
4078,,,,
4083,,,,
4084,,,,
4088,,,,
4091,,,,
4094,,,,
4099,,,,
4239,,,,
4240,,,,
4241,,,,
4243,,,,
4244,,,,
4255,,,,
4332,,,,
4333,,,,
4334,,,,
4335,,,,
4336,,,,
4337,,,,
4338,,,,
4339,,,,
4340,,,,
4341,,,,
4342,,,,
4343,,,,
4344,,,,
4345,,,,
4375,,,,
4376,,,,
4377,,,,
4378,,,,
4379,,,,
4380,,,,
4381,,,,
4382,,,,
4383,,,,
4384,,,,
4385,,,,
4386,,,,
4387,,,,
4388,,,,
4389,,,,
4390,,,,
4391,,,,
4392,,,,
4393,,,,
4394,,,,
4395,,,,
4396,,,,
4397,,,,
4398,,,,
4399,,,,
4400,,,,
4401,,,,
4402,,,,
4403,,,,
4404,,,,
4631,,,,
4632,,,,
4633,,,,
4634,,,,
4635,,,,
4636,,,,
4637,,,,
4638,,,,
4639,,,,
4640,,,,
4641,,,,
4642,,,,
4643,,,,
4889,,,,
4890,,,,
4892,,,,
5162,,,,
5216,,,,
5217,,,,
5225,,,,
5241,,,,
5245,,,,
5248,,,,
5540,,,,
5541,,,,
5542,,,,
5543,,,,
5544,,,,
5545,,,,
5546,,,,
5547,,,,
5548,,,,
5645,,,,
5646,,,,
5751,,,,
5831,,,,
5832,,,,
5834,,,,
5905,,,,
5906,,,,
5907,,,,
5989,,,,
6022,,,,
6023,,,,
6028,,,,
6570,,,,
6653,,,,
6654,,,,
6655,,,,
6656,,,,
6657,,,,
6658,,,,
6659,,,,
6660,,,,
6661,,,,
6662,,,,
6679,,,,
6680,,,,
6681,,,,
6682,,,,
6683,,,,
6684,,,,
6685,,,,
6686,,,,
6687,,,,
6688,,,,
6800,,,,
6801,,,,
6919,,,,
6920,,,,
6921,,,,
7019,,,,
7020,,,,
7803,,,,
7804,,,,
7842,,,,
7843,,,,
7844,,,,
7999,,,,
8007,,,,
8008,,,,
8009,,,,
8010,,,,
8011,,,,
8012,,,,
8013,,,,
8014,,,,
8015,,,,
8016,,,,
8017,,,,
8018,,,,
8019,,,,
8020,,,,
8021,,,,
8022,,,,
8023,,,,
8024,,,,
8025,,,,
8026,,,,
8027,,,,
8028,,,,
8029,,,,
8030,,,,
8031,,,,
8032,,,,
8033,,,,
8034,,,,
8035,,,,
8036,,,,
8037,,,,
8038,,,,
8039,,,,
8050,,,,
8496,,,,
8499,,,,
8500,,,,
8504,,,,
8506,,,,
8507,,,,
8510,,,,
8813,,,,
8814,,,,
8815,,,,
8816,,,,
8817,,,,
8818,,,,
8819,,,,
8820,,,,
8821,,,,
8822,,,,
8823,,,,
8824,,,,
8825,,,,
8826,,,,
8827,,,,
8828,,,,
8829,,,,
8830,,,,
8831,,,,
8832,,,,
8833,,,,
8834,,,,
8835,,,,
8836,,,,
8837,,,,
8838,,,,
8839,,,,
8840,,,,
8841,,,,
8843,,,,
8844,,,,
8845,,,,
8846,,,,
9150,,,,
9152,,,,
9157,,,,
9159,,,,
9162,,,,
9171,,,,
9183,,,,
9188,,,,
9191,,,,
9192,,,,
9194,,,,
9197,,,,
9205,,,,
9212,,,,
9216,,,,
9219,,,,
9220,,,,
9370,,,,
9562,,,,
9566,,,,
9834,,,,
9835,,,,
9836,,,,
9837,,,,
9838,,,,
9839,,,,
9840,,,,
9841,,,,
9842,,,,
9843,,,,
9844,,,,
9845,,,,
9846,,,,
9847,,,,
9848,,,,
9849,,,,
9850,,,,
9851,,,,
9852,,,,
9853,,,,
9854,,,,
9855,,,,
9856,,,,
9857,,,,
9858,,,,
9859,,,,
9862,,,,
9863,,,,
9864,,,,
9865,,,,
9866,,,,
9867,,,,
9868,,,,
9869,,,,
9870,,,,
9871,,,,
9872,,,,
9873,,,,
9874,,,,
9875,,,,
9876,,,,
9877,,,,
9879,,,,
9880,,,,
9881,,,,
9882,,,,
9883,,,,
9885,,,,
9886,,,,
9887,,,,
9888,,,,
9889,,,,
9890,,,,
9891,,,,
9892,,,,
9893,,,,
9894,,,,
9895,,,,
9896,,,,
9897,,,,
9898,,,,
9899,,,,
9900,,,,
9901,,,,
9902,,,,
9903,,,,
9906,,,,
9909,,,,
9910,,,,
9911,,,,
9912,,,,
9913,,,,
9914,,,,
9915,,,,
9916,,,,
9923,,,,
9925,,,,
9927,,,,
9933,,,,
9934,,,,
9935,,,,
9940,,,,
9941,,,,
9942,,,,
9945,,,,
9946,,,,
9949,,,,
9950,,,,
9952,,,,
9953,,,,
9954,,,,
9956,,,,
9957,,,,
9958,,,,
9959,,,,
9961,,,,
9963,,,,
9964,,,,
9966,,,,
9971,,,,
9975,,,,
9977,,,,
9980,,,,
9988,,,,
9989,,,,
9990,,,,
9991,,,,
9993,,,,
9994,,,,
9995,,,,
9996,,,,
9997,,,,
9998,,,,
9999,,,,
10001,,,,
10002,,,,
10003,,,,
10004,,,,
10006,,,,
10007,,,,
10008,,,,
10009,,,,
10010,,,,
10011,,,,
10013,,,,
10394,,,,
10442,,,,
10444,,,,
10445,,,,
10446,,,,
10447,,,,
10448,,,,
10449,,,,
10450,,,,
10451,,,,
10452,,,,
10453,,,,
10455,,,,
10456,,,,
10457,,,,
10458,,,,
10459,,,,
10460,,,,
10461,,,,
10462,,,,
10463,,,,
10464,,,,
10465,,,,
10466,,,,
10467,,,,
10684,,,,
10685,,,,
10687,,,,
10689,,,,
10690,,,,
10691,,,,
10692,,,,
10693,,,,
10878,,,,
10879,,,,
10880,,,,
10881,,,,
10882,,,,
10883,,,,
10884,,,,
10885,,,,
10886,,,,
10887,,,,
10888,,,,
10889,,,,
10890,,,,
10891,,,,
10892,,,,
10893,,,,
10894,,,,
10895,,,,
10896,,,,
10897,,,,
10898,,,,
10899,,,,
10900,,,,
10901,,,,
10902,,,,
10903,,,,
10904,,,,
10905,,,,
10906,,,,
10907,,,,
10908,,,,
10909,,,,
10910,,,,
10911,,,,
10921,,,,
10922,,,,
10923,,,,
10924,,,,
10925,,,,
10926,,,,
10975,,,,
10979,,,,
10980,,,,
10983,,,,
10986,,,,
10988,,,,
10992,,,,
10994,,,,
10997,,,,
10999,,,,
11000,,,,
11003,,,,
11005,,,,
11007,,,,
11009,,,,
11010,,,,
11012,,,,
11014,,,,
11016,,,,
11018,,,,
11019,,,,
11023,,,,
11024,,,,
11025,,,,
11027,,,,
11029,,,,
11031,,,,
11032,,,,
11034,,,,
11036,,,,
11037,,,,
11039,,,,
11041,,,,
11044,,,,
11047,,,,
11051,,,,
11053,,,,
11054,,,,
11056,,,,
11058,,,,
11059,,,,
11062,,,,
11063,,,,
11065,,,,
11067,,,,
11068,,,,
11070,,,,
11073,,,,
11074,,,,
11076,,,,
11078,,,,
11080,,,,
11083,,,,
11085,,,,
11087,,,,
11089,,,,
11091,,,,
11093,,,,
11097,,,,
11099,,,,
11103,,,,
11106,,,,
11109,,,,
11171,,,,
11172,,,,
11173,,,,
11174,,,,
11176,,,,
11177,,,,
11178,,,,
11179,,,,
11182,,,,
11183,,,,
11434,,,,
11435,,,,
11439,,,,
12087,,,,
12091,,,,
12092,,,,
12093,,,,
12094,,,,
12095,,,,
12096,,,,
12097,,,,
12098,,,,
12099,,,,
12100,,,,
12101,,,,
12102,,,,
12103,,,,
12104,,,,
12105,,,,
12106,,,,
12107,,,,
12108,,,,
12109,,,,
12110,,,,
12111,,,,
12112,,,,
12113,,,,
12114,,,,
12115,,,,
12116,,,,
12118,,,,
12119,,,,
12120,,,,
12642,,,,
12643,,,,
12644,,,,
12645,,,,
12646,,,,
12647,,,,
12648,,,,
12649,,,,
12650,,,,
12651,,,,
12652,,,,
12653,,,,
12654,,,,
12655,,,,
12656,,,,
12657,,,,
12658,,,,
12659,,,,
12660,,,,
12661,,,,
12662,,,,
12663,,,,
12664,,,,
12665,,,,
12666,,,,
12667,,,,
12668,,,,
12669,,,,
12670,,,,
12671,,,,
12672,,,,
12673,,,,
12674,,,,
12675,,,,
12676,,,,
12677,,,,
12678,,,,
12679,,,,
12680,,,,
12681,,,,
12682,,,,
12683,,,,
12684,,,,
12685,,,,
12686,,,,
12687,,,,
12688,,,,
12689,,,,
12690,,,,
12691,,,,
12692,,,,
12693,,,,
12694,,,,
12695,,,,
12696,,,,
12697,,,,
12698,,,,
12699,,,,
12700,,,,
12701,,,,
12702,,,,
12703,,,,
12704,,,,
12705,,,,
12706,,,,
12707,,,,
12708,,,,
12709,,,,
12710,,,,
12711,,,,
12712,,,,
12713,,,,
12714,,,,
12715,,,,
12716,,,,
12717,,,,
12718,,,,
12719,,,,
12720,,,,
12721,,,,
12722,,,,
12723,,,,
12724,,,,
12725,,,,
12726,,,,
12727,,,,
12728,,,,
12729,,,,
12730,,,,
12731,,,,
12733,,,,
12956,,,,
12957,,,,
12965,,,,
12966,,,,
12967,,,,
12968,,,,
12969,,,,
12970,,,,
12971,,,,
12972,,,,
12973,,,,
12974,,,,
12975,,,,
12978,,,,
12980,,,,
12981,,,,
12982,,,,
12983,,,,
12984,,,,
12985,,,,
12986,,,,
12987,,,,
12988,,,,
12989,,,,
12990,,,,
12991,,,,
12992,,,,
12993,,,,
12994,,,,
12995,,,,
12996,,,,
12997,,,,
12998,,,,
12999,,,,
13000,,,,
13001,,,,
13002,,,,
13003,,,,
13004,,,,
13006,,,,
13007,,,,
13008,,,,
13009,,,,
13011,,,,
13012,,,,
13013,,,,
13015,,,,
13016,,,,
13017,,,,
13019,,,,
13021,,,,
13023,,,,
13025,,,,
13027,,,,
13028,,,,
13029,,,,
13030,,,,
13031,,,,
13033,,,,
13034,,,,
13035,,,,
13037,,,,
13038,,,,
13040,,,,
13041,,,,
13042,,,,
13044,,,,
13045,,,,
13046,,,,
13047,,,,
13048,,,,
13049,,,,
13050,,,,
13052,,,,
13053,,,,
13055,,,,
13056,,,,
13059,,,,
13063,,,,
13065,,,,
13067,,,,
13068,,,,
13070,,,,
13071,,,,
13073,,,,
13074,,,,
13076,,,,
13077,,,,
13078,,,,
13079,,,,
13080,,,,
13081,,,,
13082,,,,
13083,,,,
13085,,,,
13086,,,,
13087,,,,
13088,,,,
13089,,,,
13090,,,,
13091,,,,
13092,,,,
13093,,,,
13094,,,,
13095,,,,
13231,,,,
13268,,,,
13272,,,,
13274,,,,
13276,,,,
13278,,,,
13280,,,,
13281,,,,
13284,,,,
13286,,,,
13288,,,,
13290,,,,
13292,,,,
13293,,,,
13296,,,,
13297,,,,
13298,,,,
13300,,,,
13301,,,,
13303,,,,
13305,,,,
13308,,,,
13310,,,,
13313,,,,
13318,,,,
13319,,,,
13321,,,,
13323,,,,
13325,,,,
13328,,,,
13329,,,,
13331,,,,
13333,,,,
13336,,,,
13340,,,,
13343,,,,
13344,,,,
13350,,,,
13351,,,,
13355,,,,
13358,,,,
13361,,,,
13363,,,,
13364,,,,
13367,,,,
13369,,,,
13372,,,,
13374,,,,
13376,,,,
13380,,,,
13382,,,,
13383,,,,
13386,,,,
13389,,,,
13392,,,,
13394,,,,
13395,,,,
13399,,,,
13403,,,,
13405,,,,
13408,,,,
13410,,,,
13414,,,,
13416,,,,
13417,,,,
13420,,,,
13422,,,,
13424,,,,
13428,,,,
13430,,,,
13432,,,,
13435,,,,
13438,,,,
13440,,,,
13443,,,,
13445,,,,
13446,,,,
13447,MKALIVLGLVLLSVTVQGKVFERCELARTLKRLGMDGYRGISLANWMCLAKWESGYNTRATNYNAGDRSTDYGIFQINSRYWCNDGKTPGAVNACHLSCSALLQDNIADAVACAKRVVRDPQGIRAWVAWRNRCQARDVRQYVQGCGV,2.7,,64.9
13449,MKALIVLGLVLLSVTVQGKVFERCELARTLKRLGMDGYRGISLANWMCLAKWESGYNTRATNYNAGDRSTDYGIFQINSRYWCNDGKTPGAVNACHLSCSALLQDNIADAVACAKRVVRDPQGIRAWVAWRNRCQGRDVRQYVQGCGV,2.7,,64.9
13452,,,,
13456,,,,
13459,,,,
13464,,,,
13467,,,,
13472,,,,
13478,,,,
13482,,,,
13489,,,,
13491,,,,
13494,,,,
13496,,,,
13500,,,,
13507,,,,
13508,,,,
13511,,,,
13512,,,,
13516,,,,
13521,,,,
13523,,,,
13524,,,,
13529,,,,
13533,,,,
13535,,,,
13536,,,,
13543,,,,
13544,,,,
13545,,,,
13548,,,,
13550,,,,
13553,,,,
13554,,,,
13557,,,,
13562,,,,
13564,,,,
13565,,,,
13572,,,,
13575,,,,
13745,,,,
13746,,,,
13856,,,,
13857,,,,
13858,,,,
13882,,,,
13886,,,,
13890,,,,
13949,,,,
13954,,,,
13958,,,,
13965,,,,
13967,,,,
13973,,,,
13978,,,,
13980,,,,
13982,,,,
13985,,,,
13990,,,,
13992,,,,
13994,,,,
13996,,,,
13998,,,,
14004,,,,
14005,,,,
14006,,,,
14007,,,,
14009,,,,
14010,,,,
14012,,,,
14136,,,,
14137,,,,
14144,,,,
14147,,,,
14148,,,,
14154,,,,
14165,,,,
14171,,,,
14172,,,,
14173,,,,
14174,,,,
14187,,,,
14189,,,,
14191,,,,
14192,,,,
14194,,,,
14255,,,,
14256,,,,
14257,,,,
14258,,,,
14259,,,,
14300,,,,
14301,,,,
14302,,,,
14303,,,,
14305,,,,
14306,,,,
14307,,,,
14308,,,,
14359,,,,
14554,,,,
14555,,,,
14569,,,,
14571,,,,
14606,,,,
14612,,,,
14618,,,,
14627,,,,
14630,,,,
14631,,,,
14632,,,,
14633,,,,
14635,,,,
14638,,,,
14640,MKMSRLCLSVALLVLLGTLAASTPGCDTSNQAKAQRPDFCLEPPYTGPCKARIIRYFYNAAAGLCQTFVYGGCRAKRNNFKSAEDCMRTCGGAIGPWENL,7.0,,39.0
14649,,,,
14650,,,,
14654,,,,
14655,,,,
14656,,,,
14659,,,,
14660,,,,
14662,,,,
14664,,,,
14665,,,,
14667,,,,
14673,,,,
14674,,,,
14688,,,,
14689,,,,
14690,,,,
14691,,,,
14692,,,,
14693,,,,
14812,,,,
14824,,,,
14825,,,,
15157,,,,
15158,,,,
15159,,,,
15160,,,,
15161,,,,
15164,,,,
15166,,,,
15167,,,,
15689,,,,
15691,,,,
15707,,,,
15720,,,,
15746,,,,
15752,,,,
15756,,,,
15759,,,,
15771,,,,
15785,,,,
15823,,,,
15835,,,,
15861,,,,
15868,,,,
15872,,,,
15877,,,,
16180,,,,
16181,,,,
16182,,,,
16183,,,,
16184,,,,
16185,,,,
16186,,,,
16187,,,,
16188,,,,
16189,,,,
16190,,,,
16191,,,,
16192,,,,
16193,,,,
16194,,,,
16195,,,,
16196,,,,
16197,,,,
16198,,,,
16199,,,,
16200,,,,
16201,,,,
16202,,,,
16203,,,,
16204,,,,
16205,,,,
16206,,,,
16207,,,,
16208,,,,
16209,,,,
16210,,,,
16211,,,,
16212,,,,
16213,,,,
16214,,,,
16223,,,,
16224,,,,
16225,,,,
16226,,,,
16227,,,,
16228,,,,
16229,,,,
16230,,,,
16231,,,,
16232,,,,
16233,,,,
16234,,,,
16235,,,,
16242,,,,
16243,,,,
16540,,,,
16541,,,,
16543,,,,
16545,,,,
16546,,,,
16547,,,,
16548,,,,
16549,,,,
16550,,,,
16551,,,,
16552,,,,
16553,,,,
16556,,,,
16557,,,,
16558,,,,
16560,,,,
16562,,,,
16563,,,,
16564,,,,
16565,,,,
16566,,,,
16567,,,,
16568,,,,
16569,,,,
16570,,,,
16571,,,,
16572,,,,
16573,,,,
16574,,,,
16575,,,,
16577,,,,
16579,,,,
16580,,,,
16583,,,,
16586,,,,
16587,,,,
16589,,,,
16593,,,,
16594,,,,
16595,,,,
16597,,,,
16599,,,,
16600,,,,
16601,,,,
16604,,,,
16607,,,,
16608,,,,
16609,,,,
16610,,,,
16611,,,,
16612,,,,
16613,,,,
16614,,,,
16615,,,,
16616,,,,
16619,,,,
16620,,,,
16621,,,,
16622,,,,
16623,,,,
16624,,,,
16625,,,,
16626,,,,
16627,,,,
16628,,,,
16629,,,,
16630,,,,
16631,,,,
16632,,,,
16633,,,,
16635,,,,
16637,,,,
16638,,,,
16639,,,,
16640,,,,
16642,,,,
16645,,,,
16647,,,,
16648,,,,
16649,,,,
16650,,,,
16652,,,,
16654,,,,
16655,,,,
16656,,,,
16659,,,,
16661,,,,
16663,,,,
16666,,,,
16668,,,,
16669,,,,
16670,,,,
16671,,,,
16672,,,,
16674,,,,
16675,,,,
16676,,,,
16677,,,,
16678,,,,
16679,,,,
16680,,,,
16681,,,,
16682,,,,
16683,,,,
16684,,,,
16685,,,,
16686,,,,
16687,,,,
16688,,,,
16691,,,,
16694,,,,
16695,,,,
16696,,,,
16699,,,,
16700,,,,
16701,,,,
16703,,,,
16707,,,,
16708,,,,
16709,,,,
16710,,,,
16712,,,,
16714,,,,
16715,,,,
16718,,,,
16721,,,,
16722,,,,
16723,,,,
16724,,,,
16725,,,,
16726,,,,
16729,,,,
16730,,,,
16732,,,,
16734,,,,
16735,,,,
16736,,,,
16739,,,,
16740,,,,
16742,,,,
16743,,,,
16744,,,,
16746,,,,
16747,,,,
16748,,,,
16749,,,,
16750,,,,
16754,,,,
16756,,,,
16757,,,,
16758,,,,
16759,,,,
16760,,,,
16763,,,,
16764,,,,
16767,,,,
16768,,,,
16769,,,,
16771,,,,
16772,,,,
16774,,,,
16776,,,,
16777,,,,
16778,,,,
16780,,,,
16782,,,,
16785,,,,
16788,,,,
16795,,,,
16807,,,,
16809,,,,
16810,,,,
16811,,,,
16812,,,,
16813,,,,
16814,,,,
16815,,,,
16816,,,,
16817,,,,
16818,,,,
16821,,,,
16822,,,,
16823,,,,
16825,,,,
16828,,,,
16831,,,,
16832,,,,
16833,,,,
16836,,,,
16840,,,,
16843,,,,
16845,,,,
16847,,,,
16848,,,,
16849,,,,
16850,,,,
16852,,,,
16853,,,,
16854,,,,
16855,,,,
16856,,,,
16857,,,,
16858,,,,
16859,,,,
16860,,,,
16861,,,,
16862,,,,
16863,,,,
16864,,,,
16865,,,,
16867,,,,
16870,,,,
16871,,,,
16873,,,,
16874,,,,
16875,,,,
16877,,,,
16878,,,,
16880,,,,
16881,,,,
16882,,,,
16883,,,,
16884,,,,
16885,,,,
16888,,,,
16889,,,,
16890,,,,
16891,,,,
16894,,,,
16895,,,,
16897,,,,
16901,,,,
16902,,,,
16903,,,,
16904,,,,
16907,,,,
16908,,,,
16909,,,,
16912,,,,
16913,,,,
16916,,,,
16917,,,,
16919,,,,
16921,,,,
16922,,,,
16923,,,,
16925,,,,
16926,,,,
16929,,,,
16932,,,,
16933,,,,
16935,,,,
16937,,,,
16938,,,,
16939,,,,
16941,,,,
16943,,,,
16944,,,,
16945,,,,
16946,,,,
16947,,,,
16948,,,,
16949,,,,
16950,,,,
16951,,,,
16952,,,,
16953,,,,
16954,,,,
16957,,,,
16958,,,,
16959,,,,
16960,,,,
16961,,,,
16962,,,,
16963,,,,
16964,,,,
16965,,,,
16966,,,,
16967,,,,
16968,,,,
16971,,,,
16972,,,,
16974,,,,
16975,,,,
16977,,,,
16978,,,,
16979,,,,
16980,,,,
16981,,,,
16982,,,,
16983,,,,
16984,,,,
16985,,,,
16986,,,,
16987,,,,
16988,,,,
16990,,,,
16992,,,,
16994,,,,
16996,,,,
16997,,,,
17000,,,,
17001,,,,
17002,,,,
17003,,,,
17005,,,,
17008,,,,
17010,,,,
17011,,,,
17014,,,,
17015,,,,
17018,,,,
17020,,,,
17023,,,,
17025,,,,
17026,,,,
17027,,,,
17028,,,,
17029,,,,
17030,,,,
17031,,,,
17032,,,,
17034,,,,
17036,,,,
17039,,,,
17041,,,,
17042,,,,
17043,,,,
17044,,,,
17046,,,,
17048,,,,
17049,,,,
17050,,,,
17051,,,,
17052,,,,
17053,,,,
17054,,,,
17055,,,,
17056,,,,
17057,,,,
17060,,,,
17064,,,,
17066,,,,
17067,,,,
17068,,,,
17069,,,,
17070,,,,
17071,,,,
17072,,,,
17073,,,,
17074,,,,
17075,,,,
17077,,,,
17078,,,,
17080,,,,
17081,,,,
17082,,,,
17085,,,,
17086,,,,
17088,,,,
17089,,,,
17090,,,,
17091,,,,
17092,,,,
17093,,,,
17094,,,,
17105,,,,
17106,,,,
17107,,,,
17108,,,,
17109,,,,
17112,,,,
17113,,,,
17114,,,,
17115,,,,
17116,,,,
17117,,,,
17118,,,,
17119,,,,
17120,,,,
17121,,,,
17122,,,,
17123,,,,
17124,,,,
17130,,,,
17132,,,,
17134,,,,
17135,,,,
17136,,,,
17138,,,,
17142,,,,
17143,,,,
17146,,,,
17148,,,,
17149,,,,
17150,,,,
17151,,,,
17152,,,,
17153,,,,
17154,,,,
17155,,,,
17156,,,,
17157,,,,
17158,,,,
17159,,,,
17162,,,,
17163,,,,
17164,,,,
17165,,,,
17166,,,,
17167,,,,
17168,,,,
17169,,,,
17170,,,,
17174,,,,
17176,,,,
17178,,,,
17183,,,,
17185,,,,
17186,,,,
17187,,,,
17190,,,,
17192,,,,
17198,,,,
17199,,,,
17200,,,,
17202,,,,
17203,,,,
17204,,,,
17206,,,,
17207,,,,
17208,,,,
17209,,,,
17211,,,,
17214,,,,
17216,,,,
17217,,,,
17218,,,,
17219,,,,
17220,,,,
17221,,,,
17223,,,,
17224,,,,
17225,,,,
17226,,,,
17228,,,,
17229,,,,
17232,,,,
17233,,,,
17238,,,,
17239,,,,
17240,,,,
17241,,,,
17242,,,,
17246,,,,
17248,,,,
17249,,,,
17250,,,,
17251,,,,
17252,,,,
17253,,,,
17254,,,,
17255,,,,
17257,,,,
17259,,,,
17261,,,,
17262,,,,
17263,,,,
17264,,,,
17265,,,,
17267,,,,
17268,,,,
17269,,,,
17272,,,,
17275,,,,
17276,,,,
17279,,,,
17280,,,,
17281,,,,
17282,,,,
17283,,,,
17286,,,,
17287,,,,
17288,,,,
17289,,,,
17290,,,,
17293,,,,
17294,,,,
17295,,,,
17296,,,,
17298,,,,
17300,,,,
17301,,,,
17302,,,,
17303,,,,
17305,,,,
17307,,,,
17308,,,,
17309,,,,
17310,,,,
17311,,,,
17312,,,,
17313,,,,
17315,,,,
17317,,,,
17318,,,,
17319,,,,
17320,,,,
17321,,,,
17322,,,,
17481,,,,
17482,,,,
17483,,,,
17484,,,,
17485,,,,
17486,,,,
17487,,,,
17489,,,,
17490,,,,
17491,,,,
17493,,,,
17494,,,,
17496,,,,
17500,,,,
17501,,,,
17502,,,,
17503,,,,
17504,,,,
17506,,,,
17507,,,,
17508,,,,
17510,,,,
17511,,,,
17512,,,,
17513,,,,
17514,,,,
17515,,,,
17516,,,,
17517,,,,
17518,,,,
17519,,,,
17520,,,,
17521,,,,
17523,,,,
17524,,,,
17525,,,,
17526,,,,
17527,,,,
17528,,,,
17529,,,,
17530,,,,
17531,,,,
17532,,,,
17533,,,,
17534,,,,
17535,,,,
17538,,,,
17539,,,,
17541,,,,
17542,,,,
17543,,,,
17545,,,,
17546,,,,
17547,,,,
17549,,,,
17550,,,,
17551,,,,
17552,,,,
17553,,,,
17554,,,,
17555,,,,
17557,,,,
17558,,,,
17561,,,,
17564,,,,
17566,,,,
17567,,,,
17569,,,,
17570,,,,
17571,,,,
17572,,,,
17575,,,,
17580,,,,
17581,,,,
17582,,,,
17583,,,,
17584,,,,
17585,,,,
17586,,,,
17587,,,,
17590,,,,
17591,,,,
17592,,,,
17593,,,,
17597,,,,
17598,,,,
17599,,,,
17600,,,,
17601,,,,
17603,,,,
17604,,,,
17605,,,,
17606,,,,
17607,,,,
17610,,,,
17614,,,,
17615,,,,
17616,,,,
17617,,,,
17618,,,,
17619,,,,
17620,,,,
17621,,,,
17622,,,,
17623,,,,
17624,,,,
17625,,,,
17626,,,,
17627,,,,
17628,,,,
17629,,,,
17630,,,,
17631,,,,
17632,,,,
17633,,,,
17634,,,,
17635,,,,
17636,,,,
17637,,,,
17638,,,,
17639,,,,
17640,,,,
17641,,,,
17642,,,,
17643,,,,
17644,,,,
17645,,,,
17646,,,,
17648,,,,
17649,,,,
17650,,,,
17651,,,,
17652,,,,
17653,,,,
17654,,,,
17655,,,,
17658,,,,
17659,,,,
17660,,,,
17661,,,,
17662,,,,
17663,,,,
17664,,,,
17665,,,,
17775,,,,
17776,,,,
17777,,,,
17778,,,,
17779,,,,
17780,,,,
17781,,,,
17782,,,,
17783,,,,
17788,,,,
17789,,,,
17792,,,,
17793,,,,
17794,,,,
17795,,,,
17796,,,,
17797,,,,
17798,,,,
17799,,,,
17800,,,,
17803,,,,
17804,,,,
17805,,,,
17806,,,,
17807,,,,
17808,,,,
17809,,,,
17810,,,,
17811,,,,
17930,,,,
17934,,,,
17938,,,,
17941,,,,
17943,,,,
17948,,,,
17953,,,,
17961,,,,
17962,,,,
17963,,,,
17967,,,,
17974,,,,
17976,,,,
17977,,,,
17980,,,,
17984,,,,
17985,,,,
17988,,,,
17989,,,,
17991,,,,
17994,,,,
18000,,,,
18007,,,,
18008,,,,
18009,,,,
18010,,,,
18236,,,,
18299,,,,
18303,,,,
18314,,,,
18318,,,,
18333,,,,
18335,,,,
18336,,,,
18353,,,,
18359,,,,
18400,,,,
18408,,,,
18412,,,,
18415,,,,
18423,,,,
18454,,,,
18465,,,,
18474,,,,
18484,,,,
18486,,,,
18499,,,,
18500,,,,
18503,,,,
18505,,,,
18511,,,,
18519,,,,
18525,,,,
18536,,,,
18539,,,,
18541,,,,
18549,,,,
18552,,,,
18554,,,,
18559,,,,
18566,,,,
18568,,,,
18569,,,,
18572,,,,
18588,,,,
18589,,,,
18592,,,,
18594,,,,
18606,,,,
18615,,,,
18648,,,,
18653,,,,
18668,,,,
18670,,,,
18676,,,,
18709,,,,
18716,,,,
18719,,,,
18728,,,,
18732,,,,
18749,,,,
18753,,,,
18760,,,,
18763,,,,
18783,,,,
18785,,,,
18839,,,,
18852,,,,
18856,,,,
18858,,,,
18860,,,,
18861,,,,
18863,,,,
18865,,,,
18871,,,,
18875,,,,
18878,,,,
18879,,,,
18881,,,,
18884,,,,
18888,,,,
18892,,,,
18897,,,,
18898,,,,
18901,,,,
18906,,,,
18912,,,,
18917,,,,
18919,,,,
18921,,,,
18930,,,,
18940,,,,
18942,,,,
18948,,,,
18959,,,,
18961,,,,
18963,,,,
18971,,,,
18977,,,,
18994,,,,
18995,,,,
19005,,,,
19007,,,,
19015,,,,
19018,,,,
19019,,,,
19025,,,,
19030,,,,
19032,,,,
19034,,,,
19037,,,,
19042,,,,
19044,,,,
19045,,,,
19048,,,,
19068,,,,
19069,,,,
19070,,,,
19071,,,,
19072,,,,
19073,,,,
19074,,,,
19075,,,,
19112,,,,
19114,,,,
19275,,,,
19276,,,,
19277,,,,
19278,,,,
19279,,,,
19312,,,,
19333,,,,
19862,,,,
19864,,,,
19866,,,,
19868,,,,
19932,,,,
19933,,,,
19955,,,,
20163,,,,
20783,,,,
20784,,,,
20786,,,,
20788,,,,
20790,,,,
20791,,,,
20794,,,,
20796,,,,
20798,,,,
20799,,,,
21183,,,,
21184,,,,
21190,,,,
21191,,,,
21192,,,,
21195,,,,
21196,,,,
21197,,,,
21198,,,,
21199,,,,
21200,,,,
21201,,,,
21211,,,,
21233,,,,
21240,,,,
21254,,,,
21414,,,,
21433,,,,
21436,,,,
21440,,,,
21449,,,,
21539,,,,
21632,,,,
21633,,,,
21634,,,,
21635,,,,
21636,,,,
21637,,,,
21638,,,,
21639,,,,
21640,,,,
21879,,,,
21880,,,,
21881,,,,
21882,,,,
21883,,,,
21884,,,,
21885,,,,
21886,,,,
22026,,,,
22115,,,,
22116,,,,
22117,,,,
22118,,,,
22119,,,,
22120,,,,
22121,,,,
22122,,,,
22123,,,,
22124,,,,
22125,,,,
22126,,,,
22127,,,,
22128,,,,
22129,,,,
22130,,,,
22131,,,,
22132,,,,
22133,,,,
22134,,,,
22135,,,,
22136,,,,
22137,,,,
22138,,,,
22139,,,,
22140,,,,
22141,,,,
22142,,,,
22143,,,,
22144,,,,
22145,,,,
22146,,,,
22147,,,,
22148,,,,
22149,,,,
22150,,,,
22211,,,,
22212,,,,
22213,,,,
22214,,,,
22215,,,,
22216,,,,
22217,,,,
22218,,,,
22219,,,,
22220,,,,
22221,,,,
22222,,,,
22223,,,,
22224,,,,
22225,,,,
22226,,,,
22227,,,,
22228,,,,
22229,,,,
22230,,,,
22231,,,,
22232,,,,
22233,,,,
22234,,,,
22235,,,,
22354,,,,
22355,,,,
22356,,,,
22357,,,,
22358,,,,
22359,,,,
22360,,,,
22361,,,,
22362,,,,
22363,,,,
22364,,,,
22365,,,,
22366,,,,
22368,,,,
22369,,,,
22389,,,,
22399,,,,
22404,,,,
22406,,,,
22411,,,,
22413,,,,
22414,,,,
22417,,,,
22420,,,,
22440,,,,
22713,,,,
22714,,,,
22715,,,,
22716,,,,
22717,,,,
22718,,,,
22719,,,,
22720,,,,
22721,,,,
22722,,,,
22723,,,,
22724,,,,
22725,,,,
22726,,,,
22727,,,,
22830,,,,
22831,,,,
22832,,,,
22833,,,,
23030,,,,
23031,,,,
23032,,,,
23037,,,,
23038,,,,
23039,,,,
23214,,,,
23344,,,,
23375,,,,
23376,,,,
23377,,,,
23611,,,,
24006,,,,
24010,,,,
24011,,,,
24012,,,,
24013,,,,
24014,,,,
24015,,,,
24016,,,,
24024,,,,
24025,,,,
24026,,,,
24027,,,,
24028,,,,
24029,,,,
24030,,,,
24031,,,,
24032,,,,
24033,,,,
24034,,,,
24035,,,,
24037,,,,
24173,,,,
24327,,,,
24330,,,,
24445,,,,
24452,,,,
24790,,,,
24791,,,,
24792,,,,
24793,,,,
24795,,,,
24796,,,,
24797,,,,
24798,,,,
25113,,,,
25114,,,,
25115,,,,
25116,,,,
25117,,,,
25118,,,,
25119,,,,
25120,,,,
25121,,,,
25122,,,,
25123,,,,
25124,,,,
25125,,,,
25126,,,,
25127,,,,
25128,,,,
25129,,,,
25130,,,,
25131,,,,
25132,,,,
25133,,,,
25134,,,,
25135,,,,
25136,,,,
25137,,,,
25138,,,,
25139,,,,
25141,,,,
25832,,,,
25833,,,,
25834,,,,
25836,,,,
25837,,,,
25838,,,,
25839,,,,
25842,,,,
25873,,,,
25918,,,,
25921,,,,
25922,,,,
25923,,,,
25924,,,,
25927,,,,
25928,,,,
25932,,,,
25933,,,,
25935,,,,
25938,,,,
25939,,,,
25944,,,,
25946,,,,
25948,,,,
25949,,,,
25950,,,,
25951,,,,
25952,,,,
25954,,,,
25956,,,,
25960,,,,
25962,,,,
25963,,,,
25966,,,,
25968,,,,
25969,,,,
25972,,,,
25973,,,,
25975,,,,
25977,,,,
25978,,,,
25981,,,,
25984,,,,
25985,,,,
25986,,,,
25987,,,,
25988,,,,
25989,,,,
25990,,,,
25992,,,,
25993,,,,
25995,,,,
25997,,,,
26000,,,,
26001,,,,
26002,,,,
26005,,,,
26006,,,,
26007,,,,
26008,,,,
26009,,,,
26010,,,,
26011,,,,
26014,,,,
26017,,,,
26018,,,,
26019,,,,
26021,,,,
26024,,,,
26025,,,,
26029,,,,
26033,,,,
26034,,,,
26037,,,,
26038,,,,
26039,,,,
26202,,,,
26571,,,,
26902,,,,
26904,,,,
26907,,,,
26914,,,,
26923,,,,
26927,,,,
26933,,,,
26934,,,,
26936,,,,
26941,,,,
26947,,,,
26949,,,,
26951,,,,
26960,,,,
26963,,,,
26967,,,,
26968,,,,
26970,,,,
26977,,,,
26991,,,,
26992,,,,
26994,,,,
26996,,,,
26997,,,,
26998,,,,
27001,,,,
27003,,,,
27005,,,,
27198,,,,
27199,,,,
27200,,,,
27331,,,,
27333,,,,
28079,,,,
28080,,,,
28081,,,,
28082,,,,
28083,,,,
28084,,,,
28085,,,,
28154,,,,
28156,,,,
28323,,,,
28324,,,,
28326,,,,
28327,,,,
28328,,,,
28329,,,,
28333,,,,
28334,,,,
28336,,,,
28348,,,,
28352,,,,
28363,,,,
28366,,,,
28378,,,,
28379,,,,
28382,,,,
28384,,,,
28452,,,,
28454,,,,
28678,,,,
28680,,,,
28773,,,,
28774,,,,
28775,,,,
28776,,,,
28777,,,,
28778,,,,
28779,,,,
28780,,,,
28781,,,,
28782,,,,
28783,,,,
28784,,,,
28785,,,,
28786,,,,
28792,,,,
28793,,,,
28796,,,,
28799,,,,
28808,,,,
28809,,,,
28810,,,,
28811,,,,
28821,,,,
28830,,,,
28840,,,,
28841,,,,
28842,,,,
28845,,,,
28849,,,,
28850,,,,
29131,,,,
29678,,,,
29679,,,,
29680,,,,
29681,,,,
29682,,,,
29787,,,,
29788,,,,
29852,,,,
29853,,,,
30738,,,,
30739,,,,
30740,,,,
30741,,,,
30742,,,,
